customer_id,age,gender,country,join_dates,last_dates,total_spent,nb_purchase,avg_basket,category_pref,satisfaction_score,returned_items
9008,61.81714480953211,M,togo,2018-01-19,2025-06-24,21921.848816847727,5,1850.4622042119313,Mixed,4.0,20.204575966685386
3335,72.87440705087081,other,cameroun,2020-05-23,2020-10-13,15544.57295668144,42,157.72538561551906,None,4.0,17.163027392469328
5290,41.116605982681776,F,togo,2019-09-29,2024-04-04,18349.137444880613,133,65.02948726391554,Fashion,1.0,16.315506043112496
6987,52.79279435628641,other,kenya,2021-07-17,2023-03-26,13119.887943245332,129,48.206278519819115,Fashion,1.0,9.058418775950125
6166,62.57109041836754,other,zambie,2020-06-21,2021-06-11,18722.53181342408,23,468.6158594252217,Fashion,2.0,11.378832896916595
9431,23.2052439048068,M,Maroc,2019-09-17,2024-10-31,19266.20277066269,2,4860.1267316641815,None,3.0,16.415015833785187
7609,25.867223208048422,F,France,2022-06-07,2024-11-29,16039.613416782104,54,220.3614216847709,Home,2.0,52.159692103549034
4367,41.07318499609725,other,togo,2023-11-23,2023-12-20,4974.871674235974,121,11.62057514706584,Fashion,3.0,36.57001042155891
2106,17.55348948869483,other,Maroc,2019-05-26,2024-04-07,19137.94883544771,174,50.84733358798642,Home,2.0,24.123693682312386
3409,61.58548332094837,M,zambie,2019-07-11,2020-12-05,15829.873144410984,105,47.6175374334641,None,1.0,15.960511821227001
8642,71.1724179458485,M,France,2020-02-15,2020-06-12,17444.73503651625,179,46.85569159578387,None,3.0,59.00237489381316
3588,30.99023812461165,other,Senegal,2025-03-07,2025-04-02,5317.747009966199,5,954.4367524915497,Home,3.0,49.64731730483567
8271,21.319853733450323,F,mali,2020-11-17,2021-10-04,10727.575656067913,91,18.854061209724076,Mixed,3.0,52.29574762852588
7947,53.83135461399948,other,France,2018-11-11,2022-08-08,19032.052093266524,159,47.107327777252536,Mixed,2.0,58.51026922796862
7107,54.61663422870803,other,mali,2021-02-25,2022-10-23,15386.758591327238,68,120.06909175233892,Electronics,1.0,44.92270428647934
5414,52.29247572919328,M,mali,2022-01-02,2022-06-11,7730.669684324681,157,3.428898760546819,Home,3.0,1.34328727780467
8969,73.0614708622392,M,zambie,2022-05-28,2023-11-17,9008.810811528965,140,21.77509653150862,Electronics,1.0,14.75865982768665
2376,31.88287681764031,other,Senegal,2018-09-25,2023-04-02,13727.884072885097,36,15.725141419621448,Home,1.0,54.794699183561214
5926,53.866893842505064,M,France,2019-01-01,2025-11-21,18717.408741012187,175,42.37434815008703,Electronics,2.0,40.826852252364226
7915,35.99321976935898,other,Senegal,2022-10-10,2025-01-07,13711.707027943467,157,62.23492856642888,Mixed,2.0,11.561385613046353
3936,19.782839034733836,other,Senegal,2024-05-22,2025-09-27,7423.429167669807,30,186.60121531957526,Fashion,2.0,46.04555321944954
3661,47.378452977050365,other,zambie,2019-01-12,2025-10-01,21419.646393625662,157,69.18508275179668,None,3.0,15.0987141753028
8459,31.034471688803205,M,Senegal,2020-06-20,2025-12-18,17338.350664280806,26,347.7572434750388,Mixed,3.0,31.649077588573803
4483,54.12119598686054,other,kenya,2022-02-18,2023-07-14,8951.506455450559,89,26.495877183294372,None,3.0,46.19961402025514
2572,46.12770414381063,other,zambie,2020-08-17,2023-10-11,19135.785844910308,138,84.42740801549193,Mixed,1.0,48.40177625945902
2736,63.80261538651965,F,France,2025-04-08,2025-09-25,7821.960780020433,111,72.99505382905893,Home,3.0,14.769320724958817
2173,39.24211284034349,other,togo,2022-06-25,2023-09-23,12507.957207925621,174,43.66348568912084,Unknow,4.0,2.108180561450952
9432,36.045697315984924,M,mali,2023-11-11,2025-09-09,3963.348671225226,124,0.5377890244478452,None,2.0,1.9725720886518805
3580,48.40437960943686,F,cameroun,2024-11-14,2025-09-07,8794.345306643796,129,65.20683436670345,Unknow,3.0,24.41029459783704
4275,56.70456661262912,other,togo,2022-05-09,2023-09-15,10722.428306036414,144,35.220731823232754,None,4.0,41.773517338436776
9461,38.52146171207971,other,zambie,2024-06-02,2024-08-24,9349.4915924214,63,128.16451572264683,Home,1.0,7.846680812100757
6021,20.31916357906435,other,mali,2018-12-27,2024-05-12,21595.064627665037,136,80.74507929839186,Fashion,1.0,20.114058056707258
1499,40.26069323835635,M,zambie,2024-01-10,2024-05-16,12622.061932732175,144,78.22970427718901,Fashion,3.0,35.14830602659042
7275,65.03215612681223,other,Maroc,2018-08-10,2024-12-27,17603.31128075985,5,1024.577820189963,None,2.0,10.654730551206448
3437,74.39370948489261,other,cameroun,2021-07-16,2023-01-30,15935.913986567935,70,139.03417833157027,Fashion,1.0,37.93984097793424
8333,44.8549323587749,other,Maroc,2019-10-21,2025-09-20,14881.313381851678,110,40.46947024831452,Home,1.0,14.48041605390486
7291,41.07618371480871,other,Senegal,2018-07-22,2018-10-06,20271.411138520132,105,79.4215611728587,Electronics,1.0,15.947622260084541
8233,54.72003975033215,other,France,2023-08-02,2024-11-04,9472.240249120181,147,43.003743614967526,Home,1.0,42.24573152172749
6740,60.44393306055724,other,Senegal,2022-06-21,2025-07-26,9866.111504794111,119,35.88352421002218,Unknow,2.0,19.30554081994546
3408,29.897432188541874,F,cameroun,2019-09-15,2024-06-04,17896.876760246803,123,65.00891016510978,Electronics,2.0,20.781681170407744
2906,71.56663267566086,other,zambie,2022-07-01,2023-04-09,13022.082779254204,96,86.22503618820576,Home,3.0,0.7783456048566539
1766,43.79431186022717,F,Maroc,2022-12-20,2024-02-19,10070.411480628078,164,34.530575309665224,None,2.0,18.967152436310144
3753,34.88664473212156,other,Maroc,2021-09-26,,12996.857684486262,153,42.53968696475704,None,1.0,18.936055147243337
9590,27.10448361176477,other,cameroun,2020-02-17,2022-04-03,19082.392941575643,115,90.84122762582217,Mixed,3.0,44.03097527017641
7745,59.37107989612408,F,zambie,2020-08-02,2021-08-11,15449.076634118832,176,39.482078367321236,None,1.0,46.34783923440993
4278,36.66525615262884,F,France,2023-12-11,2025-11-07,3952.324090530861,132,1.8212508572998236,None,2.0,4.9711220504673985
6101,34.04755019482191,other,Senegal,2024-12-26,2025-10-07,4066.227091180064,98,28.204427183419178,Mixed,4.0,3.005230552943199
5698,18.173103186942036,other,mali,2022-07-09,2024-06-03,8294.134290657315,78,30.995741837456972,Fashion,2.0,40.432805310735155
1709,32.73988336355059,F,togo,2018-01-16,2020-10-29,19384.44366186169,75,80.82406103102812,Electronics,4.0,31.2612573155329
9057,37.02575254793837,M,Maroc,2020-06-04,2023-10-28,10876.998791637612,30,28.833282984900464,None,2.0,26.01414552628552
3086,43.60697803926903,other,kenya,2025-02-26,2025-10-26,8938.44258966771,121,76.37853914945981,Home,3.0,58.98883744089821
4500,34.58448467089716,M,zambie,2018-11-22,2020-09-10,22192.34177235418,76,151.43654230845692,Home,4.0,10.607996771252534
2338,41.116605982681776,other,togo,2019-02-06,2020-03-25,17734.217543312072,156,41.09949954576981,Unknow,2.0,0.36928343581872136
6276,19.684723489811308,M,mali,2020-02-26,2025-10-31,14683.50487912834,172,29.095238947153643,Home,2.0,23.5300655445006
7077,65.39835963419813,other,zambie,2018-11-13,2020-05-19,18765.641952965463,85,84.34767577890386,Home,4.0,0.4144251033252222
3654,57.559762623499104,M,Senegal,2024-05-24,2024-06-12,6031.408775384409,110,35.186463356641,None,3.0,28.989434678133584
8055,25.437143116345133,other,Maroc,2022-06-01,2025-03-14,12568.989016585812,17,442.57272180778034,Home,3.0,33.46820915686203
6935,47.86896566625411,other,togo,2020-01-18,2024-11-21,13660.236449470958,141,24.691812495309918,Fashion,4.0,2.5329548221766185
6651,55.974070660214636,M,Senegal,2024-08-17,2025-08-16,5475.519190751895,36,102.9694163455519,Home,2.0,35.61924156661188
1189,45.56391205931327,other,togo,2024-03-09,2025-01-16,4706.975313349885,98,17.754787160075065,Electronics,2.0,18.711568964492336
9104,24.194662632111775,other,Maroc,2023-01-14,2023-11-15,9643.079036483046,160,33.03186747252379,Mixed,3.0,58.22441208848064
1001,42.058079568074376,other,cameroun,2021-04-30,2023-10-14,12486.139601874092,22,224.49656828830075,None,1.0,46.8648894033005
8026,38.6398910125972,M,togo,2024-01-18,2024-01-23,10220.75459874695,156,53.29130287457492,Unknow,3.0,0.08361058633427731
6552,70.73190762575061,M,cameroun,2022-11-18,2025-02-22,10597.727476839558,146,41.93259826061265,None,1.0,45.648865638313545
3819,36.25121047890981,F,France,2020-08-26,2022-01-10,17557.766449697512,105,92.71150535354181,Mixed,1.0,37.38214239245122
2118,29.507430884803718,other,Maroc,2023-08-13,2023-08-30,13021.662894431063,64,169.1731034068567,Home,4.0,22.971109563830122
5696,29.761563717521412,M,zambie,2025-05-16,2025-05-24,9745.739990453494,166,64.72695775943896,Fashion,2.0,6.755620138386944
5816,44.3933131144571,other,zambie,2024-04-02,2024-12-07,6916.418957464781,35,132.90781990945644,Mixed,4.0,13.327254117066246
2484,32.90018576905983,other,togo,2018-09-15,2023-03-22,22565.503548177512,42,275.01498655290214,None,1.0,15.901587234981989
4359,51.77378581757169,F,togo,2024-01-23,2024-06-01,9705.420869546786,99,77.7830917872069,Electronics,4.0,36.131373298123
4423,17.229608446166267,other,Senegal,2020-05-03,2023-07-05,18270.236892165856,144,68.79545913338416,Fashion,1.0,43.13200054633309
5418,70.82343173527717,F,Maroc,2020-12-09,2023-01-30,16250.361658661706,156,56.13270559825084,None,4.0,15.44451457080417
8518,72.9749795581177,other,cameroun,2024-07-31,2024-11-14,8249.506575591124,38,186.00350577602384,Home,1.0,18.906462479240858
8655,47.861291906924436,F,cameroun,2020-05-11,2021-09-02,14156.827992050901,140,34.39132135759734,Electronics,4.0,44.99310040159893
1325,54.821017752863305,other,togo,2018-04-02,2019-12-06,19207.038876053324,72,87.70900826481463,Electronics,4.0,18.27781762684658
2404,35.59822785319171,other,Senegal,2018-07-26,2021-09-14,16114.968263578185,148,21.410204928869796,Home,4.0,34.050072867110174
5990,42.786368421878905,other,Senegal,2022-11-06,2025-12-23,8422.976025832528,177,18.80632786604892,Electronics,4.0,53.189257037883756
5142,60.875793702904204,F,Maroc,2023-03-13,2025-05-16,13388.650494929314,123,83.98018795659873,Electronics,3.0,3.1744463280976842
2062,24.971220416544334,other,Maroc,2020-05-09,2025-03-18,16948.544052653935,68,121.94014802672676,Mixed,4.0,37.96959029281177
9798,32.169654729529576,other,Senegal,2020-09-09,2025-11-20,15408.954507431874,175,40.77824648165625,Fashion,3.0,10.898727586155024
3362,68.51312644205092,other,France,2023-12-20,2024-01-27,7432.864848315046,89,52.21720292577312,Home,3.0,17.19015046384222
8703,20.051686609292176,M,Maroc,2024-04-24,2025-12-17,4022.4262495708335,72,16.27476127727142,None,3.0,47.54498113433206
3514,47.16840678827994,other,zambie,2024-06-20,2025-07-28,4028.3049373665217,77,19.940015216988986,Electronics,3.0,1.2453176107555386
7064,32.62908752957384,F,Senegal,2019-07-06,2020-03-20,16168.466794664624,172,31.347869147271975,Mixed,2.0,7.981663604342217
6996,20.619757997949,other,togo,2023-05-04,2023-09-07,4906.578012152819,12,4.331042932585238,Home,2.0,53.19465152337521
5032,54.49136473404896,other,Senegal,2021-01-04,2023-12-07,13359.319969236498,140,37.89571401104016,Electronics,3.0,33.534513248077936
2717,68.80795682115928,other,Maroc,2018-10-18,2023-04-26,13741.398692702525,142,5.117946238578567,Electronics,3.0,49.566778268905715
6984,65.14351793136062,other,Senegal,2018-08-13,2020-01-13,14065.132728489127,42,17.11704549074782,Unknow,2.0,48.31262552469021
9746,18.858465495084193,F,mali,2023-04-14,2025-10-06,6734.323908882039,170,13.009734624132639,None,3.0,4.855117375072959
1641,67.31216998574352,M,mali,2018-06-24,2021-12-18,15386.374799617772,83,24.794801199062817,Electronics,4.0,11.402734534585706
5837,66.76013346414163,M,Senegal,2023-04-23,2025-01-29,6216.356112907653,63,25.72135144658042,Home,2.0,41.47685592546464
6650,32.94812588943925,other,Maroc,2018-02-22,2022-08-20,21401.350466077307,138,63.87092813475821,Electronics,2.0,16.444980993305602
4954,25.720505858198244,other,togo,2025-01-28,2025-06-03,9877.385205753057,156,65.60404812302129,Home,3.0,34.39543621039436
2339,43.99223830380606,other,cameroun,2019-02-02,2021-04-10,17895.575458191674,124,53.13080098983541,Mixed,3.0,24.508482609602712
9459,62.565919367305725,other,kenya,2022-08-07,2025-04-13,14052.238700608426,99,98.95503409859124,Home,4.0,22.942948639769956
9298,50.17081987977601,other,France,2022-02-21,2025-01-10,13994.629065337907,50,173.6157266334477,Fashion,3.0,42.854047695377055
7509,44.87323701433594,M,Maroc,2021-04-06,2021-10-04,16219.404164337553,137,69.01828617096307,Mixed,3.0,38.47038274592232
4661,42.987611582522064,other,France,2022-05-17,2024-06-02,12134.999721827875,150,45.916664348565625,None,3.0,34.536973415555494
4264,52.70717506091486,M,Senegal,2023-07-03,2023-08-08,11849.408857858485,111,82.03163128219015,None,3.0,22.4399153830086
5771,45.030277424554555,M,France,2024-07-24,2025-05-21,10124.022919081233,9,1040.83651653906,None,2.0,10.53306346274368
7342,74.94255229589012,M,togo,2020-12-25,2025-03-02,17808.135715136417,74,145.99891410703407,Electronics,3.0,50.75336101561476
1770,40.74408863602828,other,Maroc,2022-06-05,2024-04-30,11798.363396792513,124,53.10850198379549,Mixed,4.0,53.23663159228636
2905,48.0949392936223,F,Senegal,2022-09-28,2024-08-03,14769.385392392776,164,67.1828154907986,None,4.0,43.48398662528142
5163,74.94004338627963,F,kenya,2021-12-07,2024-03-18,8673.0072077552,144,10.789993122875003,Electronics,1.0,27.277861766694464
1155,19.83265942623583,other,France,2021-11-02,2024-07-31,8598.155557103955,55,22.57171720690809,Home,2.0,54.555248810741624
9907,69.17274877044693,F,mali,2025-02-10,2025-08-08,4914.628498974542,160,25.700222648238604,Electronics,3.0,17.11236436132912
4804,49.06522573803595,M,mali,2024-10-01,2024-12-20,7321.227835549951,25,251.81139177749756,Electronics,3.0,42.42971398524007
8338,35.462466708391375,other,zambie,2018-12-04,2021-07-27,18840.84856645061,143,51.7119629934494,Fashion,2.0,40.21133518672433
1654,27.452792042879928,M,Maroc,2019-06-18,2019-11-10,17247.308663582804,166,39.92702306914762,Electronics,3.0,14.637755436063918
3585,37.585031817182355,other,cameroun,2021-11-21,2024-11-13,15773.078355609105,10,1032.884794451138,Electronics,4.0,1.5825484540343204
4267,39.474253778364286,other,mali,2024-08-05,2025-09-10,3140.5675433275755,12,59.434119096622446,Home,4.0,27.745272148669716
3608,40.74408863602828,M,Maroc,2022-10-14,2025-05-25,11062.17807315342,67,96.77571032002646,Fashion,3.0,41.05691040199154
6978,61.00070342320535,M,cameroun,2018-01-07,2018-07-31,15263.730832802223,50,17.093270820055544,Home,4.0,12.030129113380854
1443,51.652009246010465,other,France,2024-10-10,2025-08-29,6020.309739893582,11,429.5806522606343,Fashion,3.0,11.22167115758986
2056,72.40994219761599,other,togo,2021-06-01,2023-08-22,13626.820402760695,64,102.57461724141982,Home,3.0,37.30079831695386
7493,71.79306918540493,other,Maroc,2019-05-10,2023-01-05,18366.419063810157,107,72.73854046507192,None,3.0,50.1849277833745
3992,34.575974271372075,F,Maroc,2020-12-02,2023-07-03,15505.125539728662,124,62.75328165049056,Electronics,3.0,47.379524513289965
3023,45.32141152941412,other,Maroc,2021-03-05,2025-07-08,16461.901023748196,174,54.934633791294516,None,1.0,35.837304860925606
5387,53.26581543777291,other,kenya,2019-06-07,2023-01-09,16387.384802415327,73,75.12645209615286,Mixed,4.0,13.840651990363606
5559,24.535395129450006,other,France,2022-04-04,2025-02-26,8220.894673514744,63,27.398703839578243,Fashion,2.0,47.312762085738726
4967,45.24833958316198,other,France,2023-04-22,2024-06-08,8240.054517199525,23,180.16600636953947,Fashion,1.0,8.031832974145768
5258,69.13753026259641,F,Senegal,2018-08-23,2019-03-12,21220.980957720916,131,74.24600150497058,Home,4.0,23.348160373956734
8571,52.405282651802686,other,France,2018-08-06,2018-10-21,21061.665053122546,53,177.75153427175815,None,4.0,22.358260174359838
2654,39.53765160321096,F,Maroc,2020-09-24,2024-09-30,14505.145751776185,132,46.21350143727448,Fashion,1.0,12.077023207843522
2913,25.44176927738083,F,Maroc,2024-01-02,2024-11-09,8142.543636474252,162,34.66468855304206,Electronics,2.0,55.42264664802605
7831,20.20846982279899,,France,2018-03-08,2022-03-23,16400.88498958197,68,38.98685642613914,Home,1.0,9.76353472137946
3350,43.99223830380606,,cameroun,2021-11-08,2023-05-28,9969.51806560207,122,24.53399657379169,Mixed,2.0,45.82739482406295
6055,56.497668444698135,F,togo,2019-08-23,2022-11-11,19058.875807449214,88,105.7368722649036,Home,4.0,15.173590769503857
3493,37.25621057363729,other,France,2018-02-17,2023-08-24,20809.32173576025,67,120.04331596567634,Electronics,2.0,54.43147923784235
7118,29.065300981461725,other,togo,2021-09-16,2023-06-13,12326.793223086283,143,39.22022048152344,Electronics,3.0,51.87911209113572
5977,65.55667629724056,other,mali,2025-01-02,2025-08-29,6020.926002514722,95,55.275342138351604,Mixed,2.0,31.801550049227167
2917,34.446952502666015,other,kenya,2020-08-04,2022-06-08,13018.914836291038,72,54.49504924116386,Unknow,1.0,46.32072569685356
7163,33.246830777672805,M,togo,2021-02-18,2022-05-01,14034.130983220803,139,46.2601707124173,Fashion,2.0,0.7526155228111175
5956,41.116605982681776,other,togo,2018-07-09,2025-01-09,16488.529341501686,81,43.5729836651495,Fashion,2.0,25.721609777807114
6462,25.084861411147454,F,togo,2021-01-26,2024-07-20,13926.05093248281,134,45.905325862712786,None,4.0,10.755149824615808
6391,70.38048795124095,M,Maroc,2020-05-16,2025-12-19,15780.456268288573,10,687.5570335360717,None,3.0,6.271797076462389
7325,69.4646231157459,F,France,2021-09-11,2023-07-21,17125.67270011404,135,85.74696944550033,None,2.0,4.979740430161854
5501,65.25070671305774,other,Senegal,2021-04-15,2022-07-08,13918.51071651214,146,45.44957805232996,Electronics,2.0,44.91334989228816
3520,31.572269248595255,M,Maroc,2022-12-16,2023-01-21,13351.09635918117,115,84.6858299910997,Home,4.0,22.23183265393815
7012,21.8622542269782,other,Senegal,2018-12-03,2019-11-10,20540.453722152655,164,58.006507028602556,None,2.0,8.065962979673266
8966,65.08057938045258,other,Maroc,2021-05-07,2024-07-05,14541.973218442105,165,45.77252438213714,None,2.0,54.58204593134442
5018,37.727660136308,F,kenya,2022-05-29,2024-10-15,10890.513668877771,97,55.741155526775394,Electronics,2.0,59.123635866981594
5572,55.3648016309406,F,zambie,2019-04-13,2022-05-15,15892.839872892819,3,1507.4332803720079,Fashion,4.0,54.69493547059486
9285,24.200624603137562,other,Senegal,2018-07-29,2021-05-19,13803.227091557503,80,3.7222983055859857,Mixed,3.0,43.712357856103935
7195,29.426930592892404,other,kenya,2019-10-26,2021-05-29,19249.146770315587,62,160.36586230474975,Electronics,1.0,40.610137398579745
2781,60.928250576344475,M,Senegal,2025-02-18,2025-10-11,10393.53916107959,134,82.16920859216035,Fashion,2.0,17.970057484566333
4067,58.38391021333679,M,France,2020-11-04,2024-10-18,17064.84591442255,131,72.94700300021518,Mixed,3.0,24.74500709061299
8214,67.44122828985098,M,mali,2022-03-14,2025-05-02,7343.824935480303,43,11.593748124427405,Fashion,2.0,1.3357897316242817
6182,68.38231034533096,F,cameroun,2024-06-13,2025-02-02,10854.99591508417,134,74.81339473026277,Electronics,4.0,41.27480357180521
8082,46.958360599509504,other,zambie,2025-05-29,2025-09-12,1713.1319988646026,76,10.331118402378332,Fashion,4.0,7.53456699380026
9768,72.21678174764335,F,Senegal,2025-05-10,2025-11-12,2625.937581389031,33,54.770362931402694,None,3.0,10.784546580679988
8303,38.57820787817272,other,France,2024-08-29,2025-08-02,7723.49577502317,45,146.48599375064362,Home,1.0,33.991685989684036
3648,27.97005519998519,M,kenya,2018-06-09,2021-03-21,14558.044313041411,137,6.77960139636324,Mixed,4.0,20.800893796226973
3030,37.032970318484644,F,mali,2021-03-22,2025-07-22,12403.658020302255,65,70.64726962119721,Home,1.0,49.81190688148731
2441,23.887010571214166,M,cameroun,2025-04-17,2025-11-28,3003.1724096999997,74,28.854263677364862,Home,3.0,59.45629546842669
4333,64.43064384913333,M,Senegal,2018-11-02,2024-04-26,15229.07515934074,46,58.2629119386071,Fashion,1.0,4.912946628966559
8530,22.612972005670265,other,cameroun,2021-10-10,2023-10-28,9756.688623049262,140,18.184719848654126,None,4.0,33.19170919250612
9991,53.949685814897215,F,zambie,2024-11-20,2025-11-28,9581.365850535021,86,109.6855501531253,Home,4.0,39.66446935229864
6307,35.692341748881844,other,mali,2019-08-08,2024-08-28,19784.69840005982,31,326.3991290346702,None,1.0,27.550747952937847
8355,17.008067950954697,other,kenya,2024-01-23,2024-06-28,7214.284610310858,135,33.97485750287831,Home,2.0,15.591025872292477
4184,72.86621193578424,other,Maroc,2021-02-25,2023-09-23,15616.266295968053,12,704.2985724966721,Home,1.0,26.761376131655545
2912,41.97640475154242,other,togo,2021-09-09,2024-06-12,11068.23522666639,60,66.52573388888312,Home,2.0,42.48233454067986
7589,44.028823595886834,M,France,2025-03-09,2025-03-24,9276.394017114737,19,512.2627642838643,None,2.0,50.01690858904903
6261,55.495143716331015,M,cameroun,2022-09-03,2022-11-03,9402.199682522783,14,296.62497165381996,Home,2.0,12.764380720287429
3861,35.92439848658279,other,togo,2023-11-16,2024-06-23,7754.824368141772,144,33.59222541789732,Fashion,3.0,13.106834549730358
9440,19.115102128003137,other,mali,2024-01-12,2025-06-15,12062.699860862971,60,176.30624710131187,Unknow,1.0,46.30070911031184
8562,34.096397935273465,F,zambie,2023-01-12,2024-10-09,14220.2011501777,153,71.85621854720343,Fashion,4.0,58.56123940697199
5174,67.58326700317185,F,cameroun,2024-01-23,2025-01-24,12240.99118632838,88,123.52260207852811,Fashion,1.0,50.42896169480591
7309,32.0319349494671,M,zambie,2023-07-20,2024-05-14,7307.641684635757,169,20.91450950174376,Unknow,1.0,44.04873817280527
6019,58.31254797479343,other,France,2025-01-31,2025-12-19,7362.576630233811,53,134.14095826023137,Fashion,3.0,53.283394935081965
3565,66.97264004218454,M,kenya,2023-11-07,2024-04-29,5046.8503624893465,177,7.887361317015158,Mixed,2.0,8.90751979065551
3265,40.74408863602828,M,Maroc,2021-07-26,2024-12-20,16060.729794045323,137,72.63439593107046,Unknow,2.0,27.25724871580578
2829,72.3182658041732,other,zambie,2020-08-29,,16682.68967528579,172,50.34658194248394,Electronics,3.0,20.055486170436605
3632,32.16263072134835,F,Maroc,2020-06-06,2021-02-24,10751.025233712717,91,7.912434529020833,None,4.0,26.720415233029495
3877,18.53958564405291,M,mali,2022-03-18,2024-05-14,16360.760435072567,163,72.36012603583256,None,2.0,30.92998650254976
6712,65.07018266340212,other,Senegal,2024-02-12,2025-09-12,6631.687990085175,62,64.2477417355882,Electronics,1.0,52.387443492702715
5853,40.59002397162522,other,togo,2024-05-28,2024-06-19,8694.099456487269,73,98.95718247409707,Unknow,2.0,57.23522652578553
1730,16.89123838893012,other,zambie,2024-08-27,2025-08-26,7594.8545644845835,149,43.077638963796836,Fashion,3.0,33.7140902582016
6843,16.005091107169658,F,mali,2025-01-06,2025-12-08,3384.808375718796,145,13.662141169989622,Fashion,3.0,35.678096883813765
5401,19.08928758851048,F,zambie,2023-08-03,2025-01-13,9601.48339621368,138,47.02430612512392,Fashion,4.0,14.893810797763201
6861,66.94505600205308,M,cameroun,2021-06-09,2022-03-02,16413.62877433542,166,60.8330479995137,None,3.0,32.54433034626203
8043,21.15548023249095,other,mali,2020-08-23,2022-05-31,14564.278583501313,94,63.554236482730204,Mixed,1.0,36.38712871107838
7771,50.725302094775515,other,kenya,2024-07-24,2025-09-26,7288.639130962564,115,50.637381858288734,Fashion,2.0,57.29734784071393
3413,41.116605982681776,other,togo,2020-08-26,2021-09-10,18427.06779517675,61,177.39893022903172,Mixed,2.0,14.480305745258768
7670,54.73815606001033,other,cameroun,2019-01-23,2019-09-03,17018.379735616265,177,30.673585703504703,Electronics,3.0,18.248964082224074
2409,46.786128902031905,M,cameroun,2020-11-12,2024-04-19,11855.268512564908,132,23.440042732622224,Unknow,3.0,38.18822646965641
6631,31.278062412381654,F,Maroc,2020-05-27,2023-08-12,19251.789132771286,44,256.44287309009337,Mixed,4.0,4.887595141053527
2215,17.570292767378078,F,France,2024-01-09,2025-04-29,12282.161109890225,4,2708.487846840695,Home,1.0,40.51975921774354
8465,25.496363146224297,M,Maroc,2022-06-11,2025-07-21,13469.271098404326,27,322.651439740941,Fashion,2.0,17.02104624228861
2135,40.03070976995174,other,cameroun,2020-12-27,2021-05-31,9552.415703710009,24,20.69873456822963,Home,3.0,16.660574591020346
5331,38.67845181357973,F,mali,2023-09-02,2024-01-11,4489.765320684362,175,1.6411808620311623,Mixed,3.0,4.6750199559174295
9716,61.42573577704436,M,Maroc,2023-06-23,2023-10-12,6229.447230502545,68,29.677338796002662,Home,3.0,13.231252978489305
5398,48.595703776832124,other,cameroun,2022-04-02,2024-10-26,7055.787360437597,150,1.7148946703133117,Home,4.0,34.92802197825733
8645,34.564233304601544,M,Maroc,2019-02-03,2023-06-08,16455.021584355283,6,798.9628300740175,Mixed,4.0,34.58582234075879
1447,21.771355848937333,M,mali,2021-02-10,2025-12-29,13868.722622061046,1,6173.403277576309,Fashion,3.0,14.226851061240746
4748,36.56875535368266,other,kenya,2020-06-30,2025-05-13,16192.491337144802,99,77.49357748920205,Home,1.0,51.54736739684608
9702,52.5966401132026,other,mali,2022-04-03,2025-10-31,12278.384337917505,99,68.60333759996848,Home,4.0,43.089921943320604
2974,28.176169993873582,other,Maroc,2019-06-19,2023-01-27,12286.15128784315,74,5.8471501324856225,Electronics,4.0,59.97064523952014
4189,69.89751897111333,other,togo,2024-10-02,2025-02-21,6197.873587590784,108,45.345759115634074,Fashion,1.0,56.79127076350085
8078,60.848488541720855,other,France,2019-11-10,2021-05-09,18482.643340719518,64,141.8485027484281,None,4.0,4.050157887303206
8776,73.00822732791617,other,cameroun,2018-05-29,2022-04-14,14501.00362302032,12,65.72954406461673,Fashion,3.0,4.005821998365613
1736,18.426166533699774,F,France,2023-10-04,2024-11-29,5027.690025808384,164,7.070808123539514,None,3.0,26.00283113459658
5428,74.61574724695065,M,togo,2025-01-15,2025-05-09,9816.238739145498,83,121.40419787869726,Mixed,3.0,5.332203711348182
5622,21.959122821216607,M,togo,2023-06-03,2024-05-30,6852.8569136317565,126,21.208897952695995,None,3.0,58.898858109320365
1276,64.59005124317798,F,Maroc,2024-02-17,2025-12-23,9413.09157799089,85,88.13369967633663,Home,3.0,51.836060598258705
2568,29.189088408298577,M,mali,2023-08-09,2025-04-05,5730.896066825734,118,14.310339690950569,None,4.0,25.439349909431744
5125,67.07158693391867,M,kenya,2019-04-22,2023-12-17,19736.367270382096,87,107.85010445951286,Mixed,3.0,45.284423005615636
8557,16.277410721300306,other,mali,2021-07-12,2023-12-13,9786.735461301516,100,20.209193266268954,Fashion,2.0,0.5042138642817484
9878,19.65443203282224,F,mali,2021-07-12,2022-06-28,13681.411202056832,105,65.6120381197242,Mixed,1.0,20.475315011249076
4565,36.81055975285959,M,France,2025-03-17,2025-09-06,6898.166592636954,20,340.51041203980964,Mixed,2.0,5.3506962813431125
4634,67.54734446251817,other,togo,2020-12-10,2022-04-11,11791.494524079288,164,19.447366799384813,Electronics,2.0,11.746629475851902
1534,69.01139021706267,F,Maroc,2020-04-05,2022-11-16,19204.47569269254,90,121.10382906517417,Electronics,3.0,59.35872720090536
8956,17.51758046233153,other,France,2023-06-03,2024-03-26,12799.014159712999,12,842.0848083034372,None,3.0,48.13159053776818
3381,54.02385808498569,F,Senegal,2024-05-04,2025-12-16,9514.167586043048,15,539.9306321702538,Electronics,1.0,28.47427589029253
8234,27.176937028449586,other,France,2020-05-27,2022-03-04,13403.891242334517,27,147.17089084882022,Unknow,4.0,51.83490963379158
7367,19.332573933393093,other,togo,2019-05-25,2025-06-01,21019.34250605997,139,80.52466282428027,Fashion,4.0,18.99432754980338
9507,28.83701190393313,F,togo,2019-01-31,2021-04-17,17531.063130744944,2,3060.039456715589,Home,4.0,51.1198517262116
3694,60.581277680444316,F,zambie,2024-12-03,2025-08-24,9739.581252582111,60,161.86627609546065,Electronics,3.0,21.83845229321225
1454,29.224318030311544,other,cameroun,2021-10-01,2025-02-03,8342.70164728306,37,19.51694754334663,Electronics,1.0,51.41851219005828
4047,54.40750084443872,F,France,2021-09-06,2022-08-30,10015.928305056997,5,531.4820762642494,Mixed,4.0,52.50293716563807
2830,45.22771215807754,other,kenya,2018-06-25,2022-10-30,17563.78948085936,57,83.96468159779295,Electronics,1.0,12.578488401309256
4098,23.405309929861193,other,togo,2024-01-20,2024-07-14,4505.21131003668,115,10.274035978659564,Fashion,3.0,32.89091024800359
4061,44.81223157926452,other,zambie,2022-03-01,2025-03-02,15257.283834226884,28,368.18231402798585,Home,2.0,14.81318435711087
6501,31.918695590611062,other,Maroc,2020-09-27,2025-12-25,16542.953481455497,98,88.43052910019767,None,3.0,11.478354201705102
7852,44.058760164896654,M,Maroc,2018-05-16,2019-11-23,20795.576646389876,141,60.82071495026485,Electronics,3.0,56.352808679216096
8311,18.69946116061478,M,Maroc,2023-04-05,2024-03-15,12358.909179523602,130,70.66258826465001,Fashion,1.0,15.942835920333549
1341,16.1494519864901,other,mali,2022-10-28,2023-03-12,14993.309883555132,23,499.364667584518,Home,2.0,4.882524892839902
1924,23.891797651977758,other,France,2025-01-12,2025-10-28,7947.761771902286,121,63.81985301551948,Electronics,4.0,4.406119562732309
2777,64.11885962539574,F,Maroc,2021-11-26,2022-11-17,10930.058646219579,92,46.80786204102689,Electronics,3.0,40.04734759569905
7552,53.19284197096901,other,Maroc,2022-02-19,2022-06-11,10979.57963967303,81,60.48734011841095,Electronics,3.0,5.9266493717914255
4707,30.233202247900707,M,mali,2022-10-08,2024-03-24,13702.10828516276,158,61.685983268692716,Fashion,1.0,34.15309861546894
5325,35.04785003940271,other,France,2022-01-16,2024-03-17,15153.783281177468,130,76.19022385747564,Electronics,4.0,36.33480187969946
4754,52.761573019277606,M,zambie,2018-04-13,2025-11-06,21857.749812768816,4,2424.2968164902554,None,2.0,42.954206960792924
7856,70.61431307235293,other,zambie,2024-02-17,2024-05-25,4013.64557173327,137,5.416474194646622,Mixed,2.0,42.169752942779034
5744,21.698993611665085,M,cameroun,2019-03-11,2022-01-28,13169.11732715453,163,5.591390545663569,Mixed,2.0,3.2092646445512996
3073,66.64360754639837,other,zambie,2021-02-09,2022-11-29,14722.364434989413,86,84.11866911321822,Electronics,4.0,40.67258604651431
5079,74.28871517794045,M,cameroun,2021-04-13,2021-04-18,13260.828782853398,173,33.53199987610837,None,2.0,58.03698267226672
1407,42.32243596480781,M,France,2018-11-10,2024-08-20,16284.280490777237,116,34.90603977130644,Fashion,4.0,47.60035421956007
6866,59.9604996587175,F,kenya,2025-04-28,2025-04-28,1316.970614906233,57,1.687952081277039,Electronics,2.0,58.59705538603981
7198,41.116605982681776,F,togo,2023-04-05,2024-09-27,10941.991639315067,156,47.531984289383544,Fashion,3.0,38.31065040409809
4239,46.469603791073176,other,Senegal,2018-01-28,2023-08-20,23866.358359139245,159,73.8314336410318,Fashion,3.0,29.445781625582704
9508,35.73588345766904,other,Senegal,2020-05-13,2020-08-31,12723.467884682143,12,252.96540465438977,Electronics,4.0,5.194759499283313
7873,37.032970318484644,other,mali,2021-12-16,2022-07-11,16496.878895455808,8,1423.7310774149698,Fashion,3.0,29.09557931069187
3274,50.7899221779876,other,togo,2024-04-16,2025-05-10,11891.872790738898,91,120.42407679586398,Unknow,2.0,54.24170774778313
7449,70.30272353748424,other,Senegal,2022-08-17,2025-06-18,9152.446029979454,107,34.9000704436852,Mixed,3.0,45.1498695016441
1405,71.46863843724186,other,mali,2020-09-29,2025-01-20,14920.068797992244,30,221.66953324967682,Fashion,4.0,34.741305227284926
9852,29.18137436112501,other,togo,2023-12-26,2024-06-17,13043.211708854718,85,137.6207604243341,Home,3.0,47.29038992456409
3252,47.16840678827994,M,zambie,2018-04-10,2023-07-25,19576.036542044574,115,59.3590928483106,Home,2.0,33.641780324039686
8404,17.943743139802052,other,mali,2022-06-07,2022-07-31,6610.476230398588,113,1.0008432566215524,Home,4.0,59.33335539106005
8335,21.536079005761742,F,Senegal,2021-02-20,2022-01-03,14903.623075248172,140,53.7823488861444,None,4.0,49.04327255814469
8720,41.99354683800296,other,Senegal,2021-05-25,2023-05-13,16982.770354428038,165,64.94522995778817,Home,4.0,28.62059522166501
7621,33.9151832556024,other,togo,2019-05-26,2023-06-05,17325.724426981782,101,65.1698567695765,Home,2.0,17.907191967237857
9553,24.019274148123685,other,kenya,2021-07-02,2024-10-07,16467.855668117994,8,1288.7274481434365,Unknow,1.0,38.04539349152357
3145,57.2798421278798,F,kenya,2022-01-12,2025-03-30,16297.21437856802,23,491.69643361782715,Home,4.0,0.6311626737587739
9648,60.5567702671329,M,kenya,2021-05-05,2021-06-05,8721.631382427018,52,5.087292846803323,Electronics,3.0,58.753241662679265
6004,27.032188549092808,other,Maroc,2024-03-13,2025-12-03,9869.731135678254,50,164.36827839195632,Unknow,1.0,4.622709845788327
7061,46.469603791073176,F,Senegal,2018-11-27,2019-03-30,16271.051555932934,138,29.991409021131652,Home,3.0,38.796522089372544
7604,16.935538115511072,other,mali,2024-10-18,2025-12-11,11768.019375185679,107,111.77592728020653,Fashion,3.0,48.527699751243794
1427,17.307040832055076,other,zambie,2021-10-27,2024-03-01,9359.339445565558,41,52.571324559925536,Fashion,2.0,6.264660221443911
7925,41.16467959706884,other,cameroun,2022-09-05,2024-11-03,12997.66514493333,161,53.78622006935814,Home,2.0,36.96647522397309
1404,57.22060491608024,M,cameroun,2023-11-20,2025-04-27,8011.6040523183365,88,58.90062574315819,Electronics,3.0,4.961040026080683
5302,31.562947905561213,F,zambie,2025-01-02,2025-04-23,3374.574733536675,64,30.36278776438818,Unknow,4.0,33.86345941031851
6173,58.86388331267111,other,kenya,2021-07-02,2025-08-27,9516.65498281069,121,13.395196103416234,Home,3.0,8.957222453759785
4949,39.89810060695102,other,France,2025-04-22,2025-12-25,1939.7752379610838,41,20.419976767106206,Mixed,4.0,35.87881986661003
5984,62.852674768930385,M,Senegal,2019-06-27,2019-09-17,12802.75906797817,49,23.02956806066759,Electronics,3.0,24.35373897558941
8803,37.13146945707891,other,France,2023-12-28,2025-05-23,8073.210557502477,145,37.915608254331694,Mixed,3.0,35.26146348904401
9512,16.207921799231055,other,kenya,2021-10-29,2023-09-18,10777.185467278417,63,62.543362446000344,None,1.0,41.125281099365026
8632,58.28456528903077,other,zambie,2020-08-26,2025-01-30,15259.102921110207,135,50.82502704731674,Mixed,2.0,48.964056901721506
5090,60.619162589370085,other,Maroc,2018-11-02,2023-07-08,15398.777143901589,101,28.635855741356288,Mixed,4.0,36.076140785506574
2178,56.137707345038685,M,togo,2020-06-09,2022-12-18,14309.055230425245,67,77.40774683629186,Home,4.0,55.67259906708576
5864,17.531500518074196,other,kenya,2024-09-23,2025-01-01,10769.74966249204,128,82.46825842277383,Electronics,2.0,31.10286014509263
8653,43.988726347853394,M,Senegal,2021-07-28,,13041.07423823405,10,618.8842797792561,Home,1.0,54.52053747912541
9813,45.26208919829977,other,France,2019-12-17,2020-06-10,20386.106803309034,31,377.06075819794495,Electronics,3.0,19.020035063482755
6343,52.69081968256423,M,Maroc,2020-08-30,2021-10-12,18361.376270061006,113,95.25858705819697,Electronics,2.0,25.921353405310693
2690,69.66533886188643,F,kenya,2018-12-02,2023-04-26,17565.41934816348,88,65.77300210459487,Mixed,3.0,11.371081255238863
4324,18.757936211742425,other,cameroun,2019-07-16,2022-02-04,13039.454444945128,78,19.782923797197544,Home,2.0,42.4247114830359
9361,69.40735232187593,M,mali,2022-02-11,2024-12-25,9878.254409486795,27,128.62288932809236,Home,3.0,41.04005372312455
1044,22.684750283717403,other,mali,2024-02-14,2025-03-14,9005.96212262359,108,64.47872827110638,Unknow,4.0,18.161601389603067
1862,36.69885487699206,F,kenya,2025-03-30,2025-06-20,3500.021270234503,128,20.65450459213382,Home,2.0,25.575546171090004
1215,55.18514934139965,F,kenya,2018-07-09,2025-05-31,16054.30227935409,133,22.455848490170006,Electronics,1.0,56.734628259254336
3917,63.734659538561175,other,France,2022-04-25,2022-11-11,9345.80927654704,157,20.78669806168024,None,3.0,19.102382244529995
1936,41.69141523104916,F,Senegal,2025-02-06,2025-06-29,3270.503519815051,26,78.14920768341588,Electronics,3.0,40.634719493610504
3304,63.54032545100628,F,Senegal,2023-04-14,2024-07-05,13899.326753075298,151,73.95965855194784,Electronics,4.0,59.089067388386546
1413,71.61944964814232,,France,2024-09-24,2025-08-08,5148.697929658027,17,207.992494827796,Electronics,1.0,26.222277334327845
7754,63.1642934246782,other,kenya,2022-05-23,2023-02-15,15872.547458685176,55,210.853351333754,None,1.0,16.76965098541349
1299,35.44796294082259,other,France,2024-06-27,2024-11-09,6382.311455214259,49,92.27835344934333,Fashion,3.0,42.692088451114564
2071,22.04975711052623,M,mali,2022-03-16,2023-11-26,12161.833776706037,73,89.50057836825407,Home,1.0,10.249817252128707
9127,47.78394795289975,M,kenya,2020-08-07,2022-10-25,11594.351943171696,170,12.715823111556585,Electronics,2.0,57.66273130777689
7542,68.95186023086686,F,mali,2020-03-30,2020-10-14,20059.02438742317,148,80.60831408296596,None,3.0,18.302875206113185
1032,44.38583815004948,other,Maroc,2023-03-31,2024-11-25,12872.380623712907,35,279.90645084688947,Fashion,3.0,37.94910752621498
1815,39.953715666634125,other,cameroun,2022-05-24,2025-03-20,10571.360958701927,39,127.60772303531816,Fashion,3.0,16.212441938312033
8466,38.81115174817539,F,mali,2023-09-12,2023-11-21,9188.645373313113,117,53.19065569778967,Electronics,2.0,38.75131743575805
7976,42.310420235814284,M,Senegal,2025-01-27,2025-09-23,7807.058513484838,55,138.91042076101903,Fashion,2.0,14.54716852216065
6732,64.93014082803985,other,kenya,2025-05-01,2025-09-29,3412.772548954242,69,39.633560669460906,Fashion,4.0,28.43454810133562
7767,37.44213724418164,M,cameroun,2023-09-26,2024-12-28,10067.615391476607,60,123.49198732242934,Mixed,3.0,56.50357745454064
5611,64.27340055682009,M,cameroun,2019-01-02,2022-01-04,15720.354678884882,160,22.971520928788138,Mixed,2.0,47.31749302036887
9651,23.787095332322043,M,Senegal,2019-08-09,2025-05-29,19983.796393124103,36,288.1526525390314,Home,2.0,14.809530530660231
1270,37.07380447396062,other,Maroc,2018-10-21,2022-03-17,17567.071171206855,76,72.73143373695483,Fashion,2.0,22.5874934303038
7842,17.535209911904644,other,Senegal,2024-11-15,2024-12-24,6732.840884810151,63,92.71509692083632,Electronics,1.0,20.513924758366244
8231,43.580931287107276,other,cameroun,2023-06-01,2023-10-09,14203.281615080383,94,126.04097892394127,None,1.0,14.564365905404257
1108,56.101871359469776,F,togo,2021-08-05,2022-12-24,13731.579788758732,157,45.235507872282895,Home,4.0,45.76469528308769
7500,62.82568725797016,other,togo,2020-01-18,2020-11-19,14831.399619523201,41,120.6219396196098,Mixed,3.0,2.8835479984544232
5392,21.808935970718522,M,cameroun,2019-02-18,2025-05-07,12613.13092681122,145,0.5873355759588006,Mixed,4.0,32.31005125692204
6284,37.628539165633846,other,togo,2019-02-18,2020-06-09,17500.69870086685,109,56.831407120032715,None,1.0,8.978063307509046
5077,65.17436411889969,other,Maroc,2018-06-08,2021-08-17,17893.78841295642,116,43.89858203616832,Mixed,3.0,5.4940194554770105
6797,55.05416256944895,M,togo,2018-12-24,2025-02-12,14868.228009926748,139,18.374352607254927,None,3.0,54.85515413000572
8737,64.48682805670705,other,France,2020-06-19,2020-09-09,11470.582019781054,158,10.764098257761498,Fashion,4.0,20.186904157618
1216,47.72226777350413,F,Senegal,2021-10-26,2022-07-03,15232.463223967557,46,206.31693543390102,Fashion,2.0,42.019205514789824
8011,17.806208821857204,F,Senegal,2019-03-01,2024-03-03,15725.67668620947,40,101.11489644404591,Home,2.0,9.984226352029498
3968,51.18672570840579,M,mali,2024-01-03,2024-06-19,4106.7315855961,61,9.461712819592204,Fashion,2.0,18.320311705548153
5722,69.65416673386869,F,France,2024-10-26,2024-11-14,10238.63308667313,17,594.0171387259654,Home,4.0,23.925511378432944
8583,66.83041546916985,other,Senegal,2019-09-24,2023-03-29,17431.01019151144,74,100.9461180998554,Fashion,1.0,28.97402749802252
7512,28.802805978702974,F,Senegal,2018-03-14,2023-01-27,23726.784845682472,22,538.4536844137766,Home,2.0,39.1800660133365
3302,64.0519297489268,M,togo,2020-10-12,2024-01-28,18683.849255338682,46,248.61003411246423,Home,1.0,53.29687780614005
7538,22.87711587669348,F,zambie,2018-09-19,2025-09-28,21012.774618381784,70,137.63883247110326,Home,4.0,44.25436218156047
8618,35.58009135037875,other,cameroun,2024-02-04,2024-07-22,12080.753994531851,5,2148.938498632963,Electronics,4.0,42.85097179806638
7675,34.25060542103898,M,France,2023-07-26,2024-10-21,12280.64544789377,158,61.95130892321021,Home,4.0,32.6158582204644
2105,48.802176857970956,M,kenya,2020-10-17,2022-05-03,13992.05648168546,28,200.09180721810085,Electronics,4.0,10.284088688887254
9636,73.1151086507812,other,zambie,2023-11-05,2025-04-14,7217.373374486297,47,87.16418549165684,Electronics,3.0,51.65735016111384
8156,16.54490166673173,other,zambie,2019-04-13,2021-03-31,16898.41803448269,125,46.2341803448269,Home,2.0,0.2805549910732408
5291,43.99223830380606,F,cameroun,2022-06-27,2024-09-08,11147.433105339924,169,34.966221193342626,None,4.0,20.60412386569857
1705,18.617040930262267,F,cameroun,2021-12-18,2025-01-10,14507.633744790961,30,297.1930726996234,None,4.0,48.30009818055531
5924,30.08266455081687,M,Maroc,2025-05-13,2025-07-27,3644.144624299057,9,344.32564226375786,Home,4.0,16.439136442606355
2123,41.90346040342061,M,mali,2018-01-27,2021-10-10,17661.36472918367,16,248.54411946747442,Fashion,4.0,9.644218152747776
2928,52.13017321269839,other,mali,2021-04-17,2023-11-14,8889.337195919488,135,2.6790481103656263,Home,3.0,2.812849379473006
9516,36.19039708854772,other,togo,2018-09-19,2022-04-29,17927.334880731007,152,38.01262237443262,Electronics,4.0,55.06346279775514
9877,36.26087118516698,F,France,2021-09-01,2024-10-27,9632.332645262275,80,26.83332258222303,Electronics,3.0,54.010859880214525
8804,57.190852663612795,M,zambie,2024-05-24,2025-11-15,3462.0528901687803,62,10.626066334047993,Mixed,2.0,17.04548486759337
4991,49.71267319601012,other,Maroc,2023-12-23,2025-02-02,6943.853601631867,11,368.6197274581666,Home,3.0,4.165690483423619
3450,52.99289568032905,other,mali,2018-03-12,2024-10-11,21598.862772876757,160,57.33486541309967,Home,2.0,19.2418344176073
6311,39.524095561153075,M,togo,2023-09-06,2024-09-13,10816.741328229182,173,47.519807284892934,None,1.0,56.99502058348656
3737,61.242318300636526,M,Maroc,2024-08-04,2025-04-28,11144.518839570183,105,102.01808142345455,None,2.0,37.33903314993493
7492,71.32413092213353,M,mali,2021-07-18,,9448.543944866535,126,12.981586754628317,Fashion,1.0,41.65745780817612
7562,43.257499272997364,F,cameroun,2024-10-26,2025-01-18,6297.285449043705,77,67.16372482213805,None,4.0,32.140556130286775
1176,52.87930922021086,other,cameroun,2020-10-27,2022-04-02,13182.819985240052,139,33.478596989568814,Fashion,3.0,5.935899842573919
4961,23.469308142992432,other,Senegal,2022-10-04,2025-01-26,7530.154981673118,149,13.466065282492599,Unknow,4.0,27.46933216200468
7557,67.06024115492147,F,kenya,2023-02-26,2025-11-13,10409.732733862471,47,138.55672164527843,Mixed,4.0,38.628387671793284
5179,47.32459305999677,M,Senegal,2020-10-17,2022-05-11,17863.543983195887,169,61.7865679230465,Fashion,3.0,19.03108350941047
2659,52.96245150331296,F,kenya,2018-02-21,2022-10-28,23272.625614075252,59,188.9327460609163,Fashion,1.0,48.99698095985803
3245,70.57129463446975,other,cameroun,2023-04-29,2024-01-11,11448.500710682525,6,1366.354314725526,Fashion,1.0,35.66230248071141
5359,49.752033172676065,other,zambie,2020-03-07,2021-04-05,14963.58443204355,29,186.79243241567025,Home,2.0,54.459863748400416
2817,34.12089945308428,other,mali,2023-01-08,2023-09-10,5832.670049962906,128,3.7858403316690032,Electronics,4.0,38.06406172279445
5536,19.32098409970165,F,Maroc,2018-08-13,2024-06-07,22065.165449426604,172,62.319516347577064,Home,2.0,34.60703053539864
4823,54.87174725283616,other,Senegal,2022-06-03,2025-07-29,15073.589299347088,49,217.69360457518079,Fashion,1.0,15.87210464531595
8997,35.01899492729644,other,zambie,2024-04-07,2024-10-07,9121.036342609517,154,48.30386641728505,Mixed,3.0,59.79784550590275
9585,54.00235778105834,M,Senegal,2022-10-28,2025-09-08,6931.781618127807,95,14.826073922734304,Mixed,3.0,7.029208229044725
9710,17.441456891719824,other,kenya,2025-05-06,2025-11-24,2308.590416763662,120,11.54781684128814,None,1.0,25.565606294189923
2844,70.46237413620874,other,togo,2025-03-02,2025-04-14,8807.39171253596,70,130.04270915242785,None,1.0,14.03856051300006
4278,68.95740383195475,other,togo,2018-10-10,2024-09-16,19088.5875968154,126,58.41852774618453,Electronics,4.0,10.469066812874793
3543,55.4664976398998,other,mali,2024-09-02,2025-08-05,9410.569676071213,5,1745.1424190178034,Fashion,3.0,22.334609853224087
4503,17.17842317410598,F,cameroun,2019-05-10,2025-12-25,21569.654604567557,69,170.8270761697021,Fashion,4.0,56.01985095607728
4648,68.15320497111333,other,Senegal,2021-08-15,2022-04-07,12419.695113289508,164,33.68670055860906,None,4.0,58.76010122922942
2055,67.11150083683731,other,Maroc,2018-05-29,2019-05-11,17988.766710763055,59,87.26200658396303,None,1.0,8.256365690874706
4242,67.89505363372305,M,Senegal,2019-04-22,2023-10-09,18831.59899177553,162,50.93826382542845,Mixed,4.0,0.13312839324369552
9342,38.020243320984356,F,mali,2024-08-20,2025-03-10,7167.132182570178,152,38.422139659294224,Home,4.0,21.251657312639416
1530,73.91681748198577,M,zambie,2020-12-05,2021-04-10,12671.17832901867,86,49.50840594503881,Fashion,3.0,3.823210227736804
8615,58.42657364697033,,Senegal,2023-05-10,2025-03-27,12852.94596479198,57,175.83214835070126,Unknow,3.0,40.26013317296156
5420,29.883290401476,other,Maroc,2022-01-31,2025-11-05,14036.292421287228,145,59.32148639040713,Mixed,1.0,54.41070037257353
6967,73.41241735787764,other,cameroun,2024-03-15,2024-09-06,12742.259725843569,72,164.1885369070064,Fashion,1.0,3.3458109689302606
6520,66.10692796290346,other,France,2022-10-22,2024-03-15,7436.0433759481275,131,15.277131449886708,Electronics,3.0,18.357623854780872
4312,35.955282408217116,F,togo,2023-08-23,2025-09-02,4404.255369343721,82,1.4368196546298961,Home,1.0,44.690470159598874
5518,34.87826142918581,M,cameroun,2022-06-06,2022-11-01,11487.773006884705,83,74.74055733260099,Fashion,2.0,39.8091459714685
2227,21.737716876016478,other,zambie,2020-10-22,2021-07-21,15451.413940979106,163,45.754708136342835,Home,4.0,11.220060308099132
4973,26.782667041812452,F,togo,2020-11-03,2023-02-06,12838.478008347081,36,118.52354195649588,Home,1.0,52.439928238565855
3292,57.51565634975491,other,Maroc,2024-03-05,2025-12-05,11073.852087795285,9,1074.8405677493452,Electronics,2.0,32.695180698077706
4278,66.98522588100698,other,France,2023-11-25,2024-06-01,10803.201696917016,145,60.02760083549152,None,4.0,29.92285174383978
7754,42.016160596491176,F,France,2022-08-12,2022-11-24,13409.249278968258,79,114.22862783177622,Fashion,1.0,20.10735959875371
2457,46.83482034205565,,kenya,2025-05-25,2025-10-16,6690.086737194162,171,40.82665743562984,Fashion,3.0,0.7468768919247903
5947,69.16075277359178,other,Maroc,2019-10-05,2025-07-03,13891.39248181382,60,51.90401003778793,Fashion,1.0,26.19121316884157
4605,19.826850802357843,M,cameroun,2022-02-20,2023-05-13,10470.874543833817,8,533.730397474034,Mixed,2.0,14.841339073249555
3746,28.580923683150452,,cameroun,2020-10-20,2024-09-18,14547.298193223938,161,39.22591764925417,Fashion,3.0,28.715084869140743
2895,62.23116412128224,other,kenya,2020-10-11,2023-07-29,11747.041413638883,143,19.29232004929092,Mixed,3.0,10.97061951650428
6436,72.11732111517857,M,mali,2023-04-01,2023-08-08,9759.370554575231,0,inf,Mixed,3.0,40.972622868870154
2511,67.02124160012866,other,togo,2020-02-26,2022-08-11,10901.560514314486,8,34.61883036163832,Fashion,3.0,44.74308530454764
6492,18.80164182866114,F,togo,2019-09-30,2020-11-28,11778.29738047151,53,8.332485388478997,Electronics,1.0,38.83742878481138
2686,52.96245150331296,other,kenya,2020-02-19,2023-12-11,18417.200658342987,126,76.4107208168947,Fashion,2.0,13.854523839881598
8507,50.76684334816419,other,cameroun,2019-06-01,2023-02-09,20603.374752025593,69,155.31476000046362,Fashion,1.0,14.476781834378736
6931,28.68529917986105,other,zambie,2021-04-09,2025-09-30,9866.129978114095,102,15.026102672966857,Home,1.0,49.889558714926395
3667,33.82814563460249,,France,2018-11-07,2023-04-14,16493.278115006746,60,71.5266273959739,Fashion,3.0,21.392913780040395
6186,56.69011357014362,M,zambie,2022-12-08,2024-03-12,13901.946404341947,10,1037.7433005427433,Mixed,4.0,39.43810671137739
8918,35.58327696764823,M,mali,2023-08-12,2023-09-05,11598.747574961177,112,80.73378989912028,Home,3.0,50.841440412056826
8497,29.01323423959127,other,Senegal,2018-10-27,2023-03-18,16886.01125547518,122,38.63741040445881,None,1.0,46.10699020966418
1589,48.989944049709656,other,zambie,2023-12-22,2024-01-30,6092.122323817459,172,17.34827270216176,None,4.0,31.646834192171458
8030,53.132108650339525,F,kenya,2020-06-09,2024-08-01,15806.324325439218,154,45.83055458960404,None,3.0,32.554466551543676
4346,31.238626580389838,other,France,2023-07-17,2025-10-21,5638.7488445296185,4,357.42151391550567,Mixed,4.0,53.16710566092786
8578,57.84466906327955,F,kenya,2019-08-24,2024-10-14,13667.049949904855,134,19.188898786425877,None,4.0,56.200201040248515
4180,65.31207951175732,M,Maroc,2019-09-15,2025-11-21,20897.776585851578,20,587.3610366157234,Mixed,3.0,50.02237845198704
5237,47.99728979215301,M,togo,2025-05-18,2025-08-12,3710.2043244432157,150,21.41836937036013,Mixed,1.0,3.544204445615
8581,45.922312666348546,other,France,2019-06-08,2024-02-11,19752.62923518625,113,85.81448269011337,None,3.0,5.001487334322505
3945,74.65941890580382,F,togo,2021-06-02,2022-03-29,17451.34870953645,164,69.21759687146684,Fashion,1.0,54.06024440026952
3854,56.918448011008216,,Senegal,2025-02-06,2025-11-04,2098.4709939052996,83,6.829382438332823,Fashion,1.0,8.080717073178471
8090,58.812131980156785,other,cameroun,2023-10-19,2024-09-08,6470.155788846377,0,inf,Fashion,3.0,7.30163059922011
6674,65.54179233331635,F,France,2020-06-16,2025-05-29,12375.067099743326,36,78.12732985219884,Mixed,3.0,17.409222488334304
7578,26.25422482813608,M,France,2024-04-23,2025-07-02,5600.49651290672,132,23.773641220707578,Mixed,2.0,2.2937751373249737
4397,41.467464909272394,other,Senegal,2024-04-24,2024-07-06,7579.327289967386,152,36.95992837144232,Mixed,3.0,56.065678846385495
3547,16.729392719664055,F,Maroc,2021-09-27,2023-04-09,15432.201907799968,168,56.89882371874976,Fashion,2.0,51.14076852219239
5160,17.324208808188274,other,zambie,2022-03-08,2023-11-13,15925.791146441225,168,66.59814841102101,Mixed,3.0,40.42148535157143
7299,68.44055815376691,other,mali,2021-06-04,2025-07-06,9404.925023802149,61,21.41239802873255,Fashion,3.0,29.100874522263272
1387,33.405591353438666,other,cameroun,2024-10-21,2024-11-12,8250.144426088431,3,2527.1435108701794,Fashion,4.0,43.52796397463481
2922,41.116605982681776,other,togo,2018-04-05,2020-02-10,23678.452952576976,148,80.56125804541364,Home,3.0,21.433575203391037
